{
  "locations": [
    {
      "city": "Metropolis",
      "city_state_zip": "Metropolis, NY 10001",
      "confidence": "high",
      "email": "downtown@example.com",
      "full_address": "123 Main St., Metropolis, NY 10001",
      "location_name": "Downtown",
      "phone": "(123) 456-7890",
      "postal": "10001",
      "region": "NY",
      "street": "123 Main St."
    },
    {
      "city": "Metropolis",
      "city_state_zip": "Metropolis, NY 10002-1234",
      "confidence": "high",
      "email": "uptown@example.com",
      "full_address": "456 Elm St., Metropolis, NY 10002-1234",
      "location_name": "Uptown",
      "phone": "(109) 876-5432",
      "postal": "10002-1234",
      "region": "NY",
      "street": "456 Elm St."
    }
  ]
}
